{
  "overall_accuracy": 0.8257,
  "overall_macro_f1": 0.7825,
  "classification_report": {
    "negative": {
      "precision": 0.8082191780821918,
      "recall": 0.814997533300444,
      "f1-score": 0.8115942028985508,
      "support": 2027.0
    },
    "neutral": {
      "precision": 0.5722713864306784,
      "recall": 0.7153392330383481,
      "f1-score": 0.6358570960340871,
      "support": 1356.0
    },
    "positive": {
      "precision": 0.9388997078870497,
      "recall": 0.8640232974910395,
      "f1-score": 0.8999066728884741,
      "support": 4464.0
    },
    "accuracy": 0.8256658595641646,
    "macro avg": {
      "precision": 0.7731300907999733,
      "recall": 0.7981200212766105,
      "f1-score": 0.782452657273704,
      "support": 7847.0
    },
    "weighted avg": {
      "precision": 0.8417877621996167,
      "recall": 0.8256658595641646,
      "f1-score": 0.8314651534690625,
      "support": 7847.0
    }
  },
  "confusion_matrix": [
    [
      1652,
      294,
      81
    ],
    [
      216,
      970,
      170
    ],
    [
      176,
      431,
      3857
    ]
  ],
  "label_order": [
    "negative",
    "neutral",
    "positive"
  ],
  "per_domain": {
    "amazon_reviews": {
      "n_samples": 4012,
      "accuracy": 0.91,
      "macro_f1": 0.4961
    },
    "twitter_airline": {
      "n_samples": 2856,
      "accuracy": 0.7507,
      "macro_f1": 0.6639
    },
    "financial_phrasebank": {
      "n_samples": 979,
      "accuracy": 0.6987,
      "macro_f1": 0.5623
    }
  }
}